{"cameraMode":{"drawMode":0,"name":"Shaded","section":"Shading Mode"},"sceneLighting":false,"audioPlay":false,"sceneViewState":{"m_AlwaysRefresh":false,"showFog":true,"showSkybox":false,"showFlares":true,"showImageEffects":true,"showParticleSystems":true,"showVisualEffectGraphs":true,"m_FxEnabled":true},"in2DMode":false,"pivot":{"x":-0.0000011920928955078126,"y":-0.018866732716560365,"z":0.35820865631103518},"rotation":{"x":0.15435750782489777,"y":-0.15345826745033265,"z":0.024277089163661004,"w":0.9757205247879028},"size":1.0631247758865357,"orthographic":false}