{"cameraMode":{"drawMode":0,"name":"Shaded","section":"Shading Mode"},"sceneLighting":false,"audioPlay":false,"sceneViewState":{"m_AlwaysRefresh":false,"showFog":true,"showSkybox":false,"showFlares":true,"showImageEffects":true,"showParticleSystems":true,"showVisualEffectGraphs":true,"m_FxEnabled":true},"in2DMode":false,"pivot":{"x":1.1920928955078126e-7,"y":0.08507443964481354,"z":3.725290298461914e-9},"rotation":{"x":0.11423085629940033,"y":-0.3786492347717285,"z":0.04715561494231224,"w":0.9172511696815491},"size":9.376904487609864,"orthographic":false}