{"cameraMode":{"drawMode":0,"name":"Shaded","section":"Shading Mode"},"sceneLighting":false,"audioPlay":false,"sceneViewState":{"m_AlwaysRefresh":false,"showFog":true,"showSkybox":false,"showFlares":true,"showImageEffects":true,"showParticleSystems":true,"showVisualEffectGraphs":true,"m_FxEnabled":true},"in2DMode":false,"pivot":{"x":-0.3075982928276062,"y":0.4458882808685303,"z":0.009001254104077816},"rotation":{"x":0.11482428759336472,"y":0.5107741355895996,"z":-0.06906354427337647,"w":0.8492087125778198},"size":0.8660284876823425,"orthographic":false}